<?xml version="1.0" encoding="UTF-8"?>
<project-private xmlns="http://www.netbeans.org/ns/project-private/1">
    <editor-bookmarks xmlns="http://www.netbeans.org/ns/editor-bookmarks/2" lastBookmarkId="0"/>
    <open-files xmlns="http://www.netbeans.org/ns/projectui-open-files/2">
        <group>
            <file>file:/D:/java/btLon/src/drawShape.java</file>
            <file>file:/D:/java/btLon/src/Expression.java</file>
            <file>file:/D:/java/btLon/src/Main.java</file>
            <file>file:/D:/java/btLon/src/readFile.java</file>
            <file>file:/D:/java/btLon/src/Interface.java</file>
            <file>file:/D:/java/btLon/src/Init.java</file>
            <file>file:/D:/java/btLon/src/Relate.java</file>
            <file>file:/D:/java/btLon/src/AFile.java</file>
            <file>file:/D:/java/btLon/src/Project.java</file>
            <file>file:/D:/java/btLon/src/Class.java</file>
            <file>file:/D:/java/btLon/src/MemberInfo.java</file>
            <file>file:/D:/java/btLon/src/value.java</file>
            <file>file:/D:/java/btLon/src/Method.java</file>
            <file>file:/D:/java/btLon/src/displayPanel.java</file>
        </group>
    </open-files>
</project-private>
